{
  "round": 32,
  "timestamp": 1764298113.2520058,
  "latency": {
    "mean": 1099.9556198247858,
    "median": 1094.9514997005463,
    "min": 0.00960993766784668,
    "max": 6761.0096299648285,
    "std": 1065.3199089791503,
    "p95": 2829.736606359482,
    "p99": 3692.879378728866,
    "count": 103269
  },
  "hop_latency": {
    "mean": 2.5770463546659697,
    "median": 2.0,
    "min": 2,
    "max": 11,
    "std": 0.9617007643229541,
    "p95": 5.0,
    "p99": 6.0,
    "count": 103269
  },
  "redundancy": {
    "mean": 15.726694915254237,
    "median": 10.0,
    "min": 1,
    "max": 52,
    "total_contents": 472
  },
  "dispersion": {
    "mean": 2.5090298153366453,
    "median": 2.0,
    "min": 2,
    "max": 10,
    "count": 103269
  },
  "stretch": {
    "mean": 0.0,
    "median": 0.0,
    "min": 0.0,
    "max": 0.0,
    "count": 0
  },
  "cache_hit_rate": {
    "hit_rate": 93.19931441187578,
    "miss_rate": 6.800685588124219,
    "total_requests": 103269,
    "hits": 96246,
    "misses": 7023
  },
  "cache_utilization": {
    "mean": 98.25,
    "median": 100.0,
    "min": 40.0,
    "max": 100.0,
    "count": 60
  },
  "bandwidth": {
    "total_bytes": 36980996,
    "interest_bytes": 35948306,
    "data_bytes": 1032690,
    "mean_bytes_per_router": 336190.87272727274,
    "max_bytes_per_router": 567791.0,
    "min_bytes_per_router": 4725.0,
    "routers_with_traffic": 110,
    "unique_contents": 466
  },
  "fairness": {
    "cache_diversity": 472,
    "hit_rate_variance": 0.25,
    "hit_rate_std": 0.5,
    "hit_rate_gini": 0.27841531076616166,
    "mean_redundancy": 15.726694915254237,
    "routers_with_hits": 50
  },
  "per_router_hit_rate": {
    "0": 1.0,
    "1": 1.0,
    "2": 1.0,
    "3": 1.0,
    "4": 1.0,
    "5": 1.0,
    "6": 1.0,
    "7": 1.0,
    "8": 1.0,
    "9": 1.0,
    "10": 1.0,
    "11": 1.0,
    "12": 1.0,
    "13": 1.0,
    "14": 1.0,
    "15": 1.0,
    "16": 1.0,
    "17": 1.0,
    "18": 1.0,
    "19": 1.0,
    "20": 1.0,
    "21": 1.0,
    "22": 1.0,
    "23": 1.0,
    "24": 1.0,
    "25": 1.0,
    "26": 1.0,
    "27": 1.0,
    "28": 1.0,
    "29": 1.0,
    "30": 1.0,
    "31": 1.0,
    "32": 1.0,
    "33": 1.0,
    "34": 1.0,
    "35": 1.0,
    "36": 1.0,
    "37": 1.0,
    "38": 1.0,
    "39": 1.0,
    "40": 1.0,
    "41": 1.0,
    "42": 1.0,
    "43": 1.0,
    "44": 1.0,
    "45": 1.0,
    "46": 1.0,
    "47": 1.0,
    "48": 1.0,
    "49": 1.0,
    "60": 0.0,
    "61": 0.0,
    "62": 0.0,
    "63": 0.0,
    "64": 0.0,
    "65": 0.0,
    "66": 0.0,
    "67": 0.0,
    "68": 0.0,
    "69": 0.0,
    "70": 0.0,
    "71": 0.0,
    "72": 0.0,
    "73": 0.0,
    "74": 0.0,
    "75": 0.0,
    "76": 0.0,
    "77": 0.0,
    "78": 0.0,
    "79": 0.0,
    "80": 0.0,
    "81": 0.0,
    "82": 0.0,
    "83": 0.0,
    "84": 0.0,
    "85": 0.0,
    "86": 0.0,
    "87": 0.0,
    "88": 0.0,
    "89": 0.0,
    "90": 0.0,
    "91": 0.0,
    "92": 0.0,
    "93": 0.0,
    "94": 0.0,
    "95": 0.0,
    "96": 0.0,
    "97": 0.0,
    "98": 0.0,
    "99": 0.0,
    "100": 0.0,
    "101": 0.0,
    "102": 0.0,
    "103": 0.0,
    "104": 0.0,
    "105": 0.0,
    "106": 0.0,
    "107": 0.0,
    "108": 0.0,
    "109": 0.0
  },
  "per_router_cache_utilization": {
    "0": 100.0,
    "1": 100.0,
    "2": 40.0,
    "3": 100.0,
    "4": 100.0,
    "5": 100.0,
    "6": 100.0,
    "7": 100.0,
    "8": 100.0,
    "9": 100.0,
    "10": 100.0,
    "11": 100.0,
    "12": 100.0,
    "13": 100.0,
    "14": 100.0,
    "15": 100.0,
    "16": 100.0,
    "17": 100.0,
    "18": 100.0,
    "19": 100.0,
    "20": 100.0,
    "21": 65.0,
    "22": 100.0,
    "23": 100.0,
    "24": 100.0,
    "25": 100.0,
    "26": 100.0,
    "27": 100.0,
    "28": 100.0,
    "29": 100.0,
    "30": 100.0,
    "31": 100.0,
    "32": 100.0,
    "33": 90.0,
    "34": 100.0,
    "35": 100.0,
    "36": 100.0,
    "37": 100.0,
    "38": 100.0,
    "39": 100.0,
    "40": 100.0,
    "41": 100.0,
    "42": 100.0,
    "43": 100.0,
    "44": 100.0,
    "45": 100.0,
    "46": 100.0,
    "47": 100.0,
    "48": 100.0,
    "49": 100.0,
    "50": 100.0,
    "51": 100.0,
    "52": 100.0,
    "53": 100.0,
    "54": 100.0,
    "55": 100.0,
    "56": 100.0,
    "57": 100.0,
    "58": 100.0,
    "59": 100.0
  },
  "per_router_cache_bytes": {
    "0": [
      200,
      200
    ],
    "1": [
      200,
      200
    ],
    "2": [
      80,
      200
    ],
    "3": [
      200,
      200
    ],
    "4": [
      200,
      200
    ],
    "5": [
      200,
      200
    ],
    "6": [
      200,
      200
    ],
    "7": [
      200,
      200
    ],
    "8": [
      200,
      200
    ],
    "9": [
      200,
      200
    ],
    "10": [
      200,
      200
    ],
    "11": [
      200,
      200
    ],
    "12": [
      200,
      200
    ],
    "13": [
      200,
      200
    ],
    "14": [
      200,
      200
    ],
    "15": [
      200,
      200
    ],
    "16": [
      200,
      200
    ],
    "17": [
      200,
      200
    ],
    "18": [
      200,
      200
    ],
    "19": [
      200,
      200
    ],
    "20": [
      200,
      200
    ],
    "21": [
      130,
      200
    ],
    "22": [
      200,
      200
    ],
    "23": [
      200,
      200
    ],
    "24": [
      200,
      200
    ],
    "25": [
      200,
      200
    ],
    "26": [
      200,
      200
    ],
    "27": [
      200,
      200
    ],
    "28": [
      200,
      200
    ],
    "29": [
      200,
      200
    ],
    "30": [
      200,
      200
    ],
    "31": [
      200,
      200
    ],
    "32": [
      200,
      200
    ],
    "33": [
      180,
      200
    ],
    "34": [
      200,
      200
    ],
    "35": [
      200,
      200
    ],
    "36": [
      200,
      200
    ],
    "37": [
      200,
      200
    ],
    "38": [
      200,
      200
    ],
    "39": [
      200,
      200
    ],
    "40": [
      200,
      200
    ],
    "41": [
      200,
      200
    ],
    "42": [
      200,
      200
    ],
    "43": [
      200,
      200
    ],
    "44": [
      200,
      200
    ],
    "45": [
      200,
      200
    ],
    "46": [
      200,
      200
    ],
    "47": [
      200,
      200
    ],
    "48": [
      200,
      200
    ],
    "49": [
      200,
      200
    ],
    "50": [
      50,
      50
    ],
    "51": [
      50,
      50
    ],
    "52": [
      50,
      50
    ],
    "53": [
      50,
      50
    ],
    "54": [
      50,
      50
    ],
    "55": [
      50,
      50
    ],
    "56": [
      50,
      50
    ],
    "57": [
      50,
      50
    ],
    "58": [
      50,
      50
    ],
    "59": [
      50,
      50
    ]
  }
}